id,is_humor,humor_rating,humor_controversy,offense_rating
9001,1,2.3303428,1,1.0513037
9002,0,1.8594669,1,0.036151037
9003,1,2.508352,1,0.81963176
9004,1,1.9805694,1,0.118345246
9005,1,2.0909069,1,0
9006,1,2.2845128,1,0
9007,1,1.7973047,1,0.04823337
9008,1,1.986316,1,0.12194556
9009,1,2.1272907,1,0.13935895
9010,1,2.0752492,1,1.8498557
9011,1,2.1876278,1,0.007525828
9012,0,1.788039,1,0.52043194
9013,0,1.9123383,1,0
9014,0,2.0336492,1,0.033919096
9015,0,2.067157,1,0.12046321
9016,1,2.182578,1,0.071217716
9017,1,2.4456658,1,1.767788
9018,1,2.3253875,1,0.17987458
9019,0,1.7232744,1,0.024043232
9020,0,1.8171827,1,0
9021,0,1.7028836,1,0.084307216
9022,0,2.0372941,1,0.026465587
9023,1,2.347138,1,0.005440418
9024,1,2.1329367,1,0.79266995
9025,0,1.8408294,1,0.04367847
9026,1,2.012559,1,0.53720355
9027,0,2.304186,1,0
9028,1,2.1132698,1,2.841606
9029,1,1.9004711,1,1.348634
9030,1,2.316794,1,0.000527793
9031,0,2.2812812,1,0.0440216
9032,1,2.110698,1,1.5669109
9033,1,1.6988562,1,2.5278213
9034,1,2.1812694,1,0.21995732
9035,1,2.310733,1,0.22620313
9036,1,1.9031352,1,1.4511786
9037,1,2.1890018,1,1.145168
9038,1,2.4114199,1,0.52593875
9039,1,2.3757493,1,0.11507701
9040,1,2.0976186,1,3.0645156
9041,0,1.8257816,1,0.1599493
9042,1,2.2198853,1,0.23228085
9043,1,2.001564,1,0.06489941
9044,0,1.9535199,1,0
9045,1,2.111051,1,0
9046,0,2.2449906,1,0.13528006
9047,0,2.0997984,1,0
9048,0,1.9759375,1,0
9049,1,2.2532794,1,0
9050,1,1.9000607,1,1.1823224
9051,1,2.4268427,1,0.052213497
9052,0,1.919911,1,0
9053,1,2.2443962,1,0.058441624
9054,1,2.160549,1,0.049856454
9055,1,1.8079334,1,1.3892384
9056,1,1.8665851,1,0.16785267
9057,1,1.9514862,1,1.233988
9058,1,1.6656425,1,1.4611849
9059,1,2.0342205,1,0.002572355
9060,1,2.080021,1,0.03321556
9061,1,2.0695393,1,0.2048253
9062,1,2.2565944,1,0.4137867
9063,1,2.142665,1,0.16733482
9064,0,2.18117,1,0.015680572
9065,1,1.5389211,1,3.0002375
9066,0,1.7697049,1,0.046535175
9067,0,2.1253877,1,0.06720303
9068,1,2.45554,1,0.28184462
9069,0,1.7257124,1,0.067085624
9070,1,2.181185,1,0.50371706
9071,1,2.3956635,1,0
9072,0,1.8657714,1,0.03339805
9073,0,1.977138,1,0.03608502
9074,0,2.3598585,1,0.08533333
9075,0,2.1307428,1,0
9076,1,1.9518509,1,1.8970563
9077,1,2.7359324,1,0.022369608
9078,1,2.2043037,1,0.14903343
9079,1,1.5431167,1,1.9909943
9080,1,2.4353397,1,0.21638913
9081,0,2.166908,1,0
9082,0,1.9595184,1,0
9083,1,2.024844,1,0.91196835
9084,0,1.7156178,1,0.1128547
9085,0,2.1201627,1,0.05777658
9086,1,2.0619445,1,0.07655041
9087,0,2.1089835,1,0
9088,0,1.5026191,1,0.094026856
9089,1,2.1179905,1,0.058373325
9090,0,1.9340892,1,0.03688471
9091,0,2.3011374,1,0
9092,1,2.1239784,1,0.622256
9093,1,2.298933,1,0.826569
9094,0,2.0945065,1,0.025517866
9095,0,1.786538,1,0
9096,1,1.4673687,1,3.7375226
9097,1,2.054449,1,0.47645983
9098,1,2.3769846,1,0.059600595
9099,1,2.0436618,1,0.013303037
9100,0,1.9998901,1,0.23916122
9101,1,2.361312,1,0.42231065
9102,1,1.9671124,1,0.30228376
9103,1,2.3902462,1,0.11991442
9104,1,2.234376,1,1.8443917
9105,1,2.1696827,1,0.19973996
9106,1,2.1459987,1,0.28566355
9107,1,2.5367239,1,0.050867587
9108,1,2.2412984,1,0.048254125
9109,1,2.2098305,1,0
9110,1,1.9337442,1,0.9706352
9111,1,1.9864588,1,0.34895018
9112,1,1.9973067,1,1.15832
9113,1,2.0465732,1,0.85251194
9114,1,2.15588,1,0.15702727
9115,1,2.1625528,1,0.013760417
9116,1,1.7686272,1,0.16423264
9117,0,1.944033,1,0.0574
9118,0,1.8415858,1,0.842959
9119,1,1.7733953,1,2.4341507
9120,0,1.8680626,1,0.08263436
9121,1,2.2927418,1,0.041795526
9122,1,2.3278086,1,0.0759184
9123,0,1.8308742,1,0.011450543
9124,1,2.2764678,1,0.005142637
9125,1,2.2923927,1,0.23363471
9126,1,2.4571831,1,0.16185911
9127,0,2.1765382,1,0
9128,1,2.2896054,1,0
9129,0,1.9555829,1,0
9130,1,1.5782061,1,1.3000227
9131,1,1.6949109,1,0.8312859
9132,0,2.317473,1,0
9133,1,1.530456,1,2.0621626
9134,0,2.2723346,1,0
9135,1,2.042257,1,0.17916875
9136,0,1.7543004,1,0.05059021
9137,1,2.401225,1,1.1258034
9138,0,1.5400054,1,0.06259576
9139,1,2.364264,1,0.014595239
9140,1,1.9696727,1,0.8151607
9141,1,2.3697882,1,0.02699745
9142,1,2.1408944,1,0
9143,0,1.8054994,1,0.2693423
9144,1,2.2269464,1,0.23014617
9145,1,2.616502,1,0.022965785
9146,1,2.3148174,1,0
9147,1,1.988028,1,0.6096822
9148,0,1.7953017,1,0.2618001
9149,0,1.5801492,1,1.51125
9150,1,2.2149181,1,0.019474372
9151,0,2.091868,1,0.01787772
9152,1,2.2615964,1,0.106668666
9153,1,2.439409,1,0.18748565
9154,0,2.2202928,1,0.012720149
9155,1,1.8352131,1,3.3139274
9156,0,2.3699777,1,0.049892973
9157,0,2.204938,1,0
9158,1,1.9455763,1,0
9159,1,2.4179983,1,0.061669104
9160,0,1.9029613,1,0.0575098
9161,0,2.259283,1,0.070332065
9162,1,2.154422,1,1.4005566
9163,0,1.7289051,1,0.74407464
9164,1,1.8354875,1,3.607955
9165,1,1.732985,1,1.8917322
9166,0,1.9348414,1,0.48977655
9167,1,2.0044262,1,0.22353525
9168,0,2.1329753,1,0.02421096
9169,1,2.3894005,1,0
9170,0,2.1591187,1,0.09662602
9171,0,1.7762483,1,0.078752756
9172,1,2.0032206,1,1.6487411
9173,1,1.8680785,1,0.01722176
9174,0,1.7170234,1,0
9175,1,1.8835647,1,0.09673585
9176,1,2.243108,1,0
9177,0,2.0399394,1,0
9178,0,1.9158906,1,0
9179,1,2.1584008,1,0
9180,1,2.097739,1,0.9803594
9181,1,1.9305395,1,0.2159686
9182,1,2.0659387,1,1.9683468
9183,1,2.218138,1,1.9636177
9184,1,2.450025,1,0.002466979
9185,0,2.0454667,1,0
9186,1,1.8951875,1,0
9187,1,2.1881497,1,0
9188,1,2.2732835,1,0.39679584
9189,1,2.1008687,1,0.08568198
9190,0,2.0803623,1,0.034949
9191,1,2.2494147,1,0.9487884
9192,0,1.9341357,1,0.22771707
9193,0,1.7072068,1,0
9194,1,1.980702,1,0.104532786
9195,0,1.6886784,1,0
9196,0,1.9580083,1,0.07590126
9197,1,2.1328826,1,0.008604456
9198,0,2.4509711,1,0
9199,1,1.7778668,1,1.5698541
9200,1,1.3790885,1,0.97423977
9201,1,2.251742,1,0.24645248
9202,0,2.2182486,1,0
9203,0,1.8633453,1,0
9204,1,2.2952724,1,0.54684067
9205,1,2.1313007,1,1.1621835
9206,1,1.8442034,1,1.7541806
9207,1,2.2691464,1,0.2465696
9208,1,2.1900988,1,0.052581303
9209,1,2.0236063,1,1.3703424
9210,1,2.3875787,1,0.008298183
9211,0,1.871383,1,0.027969442
9212,0,1.8619403,1,0.0943599
9213,1,2.3297918,1,1.274143
9214,1,1.8603663,1,2.02699
9215,0,2.102677,1,0
9216,1,2.3842874,1,0.9749911
9217,1,2.068198,1,0.062092602
9218,0,2.2552657,1,0.018952917
9219,1,2.0936515,1,0.87779844
9220,1,1.9508116,1,1.2224513
9221,1,1.611574,1,0.73829305
9222,1,2.085255,1,0.71968836
9223,0,2.371275,1,0
9224,1,2.4068081,1,0.14071093
9225,1,2.1639507,1,0.10215227
9226,1,2.2248967,1,0.088932805
9227,0,2.313771,1,0.03380136
9228,1,2.3910573,1,0.6117891
9229,0,1.8727752,1,0.11005877
9230,1,2.2540693,1,0.015352864
9231,0,2.303942,1,0.000467438
9232,1,2.36053,1,0.82455254
9233,1,2.1742973,1,0.021796398
9234,1,2.15847,1,0
9235,1,2.0081716,1,1.4178963
9236,1,1.5772929,1,0.58197165
9237,1,2.1953332,1,0.093376644
9238,0,1.8747015,1,0.03784474
9239,1,2.279757,1,0.46368068
9240,1,1.8285127,1,2.3003087
9241,1,2.0433693,1,1.2005854
9242,0,1.9475632,1,0.099110864
9243,1,2.1496782,1,1.404042
9244,1,2.0670424,1,1.4399785
9245,1,2.5185819,1,1.954134
9246,0,2.3087673,1,0
9247,0,1.8573148,1,0.034848142
9248,1,1.5213922,1,3.8672552
9249,1,2.2346458,1,0.89031756
9250,1,2.0925627,1,0.004725312
9251,0,2.2474492,1,0.013245427
9252,1,2.342771,1,1.8163093
9253,1,1.7309172,1,1.9310251
9254,0,2.163588,1,0.088340886
9255,1,2.099918,1,0.111514226
9256,1,2.125399,1,0
9257,0,2.124547,1,0
9258,0,1.9620551,1,0.0986436
9259,0,2.0982897,1,0.054245707
9260,0,1.6854569,1,0.00142837
9261,1,2.4027102,1,0
9262,0,1.9399029,1,0.06629495
9263,0,1.8875493,1,0
9264,0,1.7759326,1,0.024995327
9265,1,1.9274617,1,1.3876848
9266,1,2.273817,1,0.13808449
9267,1,2.0068867,1,0.056614712
9268,1,1.8609394,1,0.006165647
9269,1,2.2481945,1,0.085776635
9270,1,2.1050134,1,0.003431245
9271,0,1.9271674,1,0.3469866
9272,1,2.2474856,1,0.11515133
9273,0,2.0637364,1,0
9274,0,1.6715307,1,0.04411289
9275,0,1.7187266,1,0.4258523
9276,1,2.3835003,1,0.09469047
9277,1,2.101284,1,1.1760198
9278,0,1.5936376,1,0.12771901
9279,0,1.910471,1,0
9280,1,2.3252702,1,0.31501123
9281,1,2.0604231,1,0.07082953
9282,1,2.156325,1,0.1638072
9283,1,1.35551,1,4.001887
9284,1,2.0815432,1,0
9285,1,1.5402368,1,2.146213
9286,0,2.1235209,1,0
9287,0,2.170262,1,0
9288,1,2.2705288,1,0
9289,1,2.012378,1,0.03962499
9290,1,2.327561,1,0.008616373
9291,0,2.359824,1,0
9292,0,2.084393,1,0.034041032
9293,1,1.9604951,1,1.9170601
9294,1,1.8246151,1,0.62291974
9295,1,2.328139,1,0
9296,0,2.3311126,1,0.014663545
9297,0,2.088581,1,0
9298,1,1.9956957,1,0.26200187
9299,0,2.3749304,1,0
9300,1,2.4027061,1,0.2138747
9301,1,2.3823595,1,0.004584052
9302,1,1.6084327,1,2.63111
9303,0,2.0196779,1,0.041659135
9304,0,1.6459479,1,0.90068734
9305,0,1.9608481,1,0
9306,1,2.258472,1,0.69505936
9307,0,1.6728185,1,0.9822807
9308,1,2.15386,1,0.10546895
9309,1,2.0691912,1,0.03630009
9310,1,2.2264097,1,0.12477747
9311,1,2.2585032,1,0.027293727
9312,0,2.1192288,1,0.072327696
9313,1,1.9923339,1,0.27528128
9314,1,1.9898502,1,1.0470835
9315,1,2.2020996,1,0
9316,1,2.6130524,1,0.05919382
9317,1,2.2323253,1,0.05718387
9318,0,1.982715,1,0.13667192
9319,1,2.2019064,1,0.8098724
9320,1,1.7280542,1,1.9301457
9321,1,2.468148,1,0.24685334
9322,1,1.8811182,1,0.51133996
9323,1,2.5286255,1,0.00978405
9324,1,1.609595,1,2.337047
9325,1,2.2389414,1,1.1792196
9326,1,2.168226,1,0
9327,1,2.0928426,1,0.1492545
9328,0,2.1098611,1,0.027313653
9329,1,1.8768523,1,1.4881405
9330,1,1.9983464,1,0.73263025
9331,1,2.2341874,1,0.13219371
9332,1,2.264049,1,0.021456558
9333,1,1.8721253,1,0.024267007
9334,1,1.9978405,1,0.040209197
9335,0,2.253402,1,0.041286685
9336,1,2.1281648,1,0.19432318
9337,1,2.5341797,1,0.2862994
9338,0,2.165791,1,0.11319256
9339,0,1.9672949,1,0.27803865
9340,1,2.1416721,1,0.71630526
9341,0,1.8839245,1,0
9342,0,2.206488,1,0.09692207
9343,0,2.0225031,1,0
9344,1,1.8967923,1,0.5136406
9345,1,2.0066695,1,0.18955657
9346,1,2.1092403,1,0.033157874
9347,1,1.7907308,1,1.7269418
9348,0,1.790811,1,0.061311137
9349,1,2.139556,1,0
9350,1,2.0307868,1,1.2793679
9351,1,2.0977316,1,1.1112882
9352,1,2.125188,1,0
9353,1,2.0054507,1,0.04427159
9354,0,1.6030203,1,0.1706397
9355,1,2.09107,1,6.37E-05
9356,0,1.9340706,1,0.014871447
9357,1,2.1070242,1,0.05602588
9358,0,1.8347759,1,0.04564963
9359,1,2.516806,1,0.1658524
9360,1,2.1740675,1,0.017487902
9361,0,2.3684318,1,0
9362,0,1.9281895,1,0
9363,1,2.283388,1,0.6238902
9364,1,2.301081,1,0.070474036
9365,1,2.131345,1,1.9582376
9366,1,1.8912383,1,2.6089199
9367,1,2.1555161,1,0.046962827
9368,0,2.347594,1,0.031306114
9369,1,1.7396896,1,0.37357014
9370,1,2.0309777,1,1.2214485
9371,1,1.6564901,1,2.2083151
9372,0,1.9888599,1,0.023052603
9373,1,1.8275117,1,0.36539352
9374,0,2.32733,1,0
9375,0,1.7713667,1,0.08241381
9376,1,1.5136052,1,3.7849069
9377,1,2.0547926,1,0.96442163
9378,1,2.203932,1,1.2949073
9379,1,1.9182942,1,0.99260616
9380,1,2.553336,1,0
9381,1,2.1784863,1,0.060722675
9382,1,2.3966677,1,2.2073827
9383,1,2.2566278,1,0.5950201
9384,1,2.4221206,1,0
9385,0,1.9868265,1,0.07151243
9386,1,2.1317165,1,0
9387,0,1.8281236,1,0.005681497
9388,1,2.0019734,1,2.130672
9389,1,2.1120248,1,0.31374666
9390,0,2.2573032,1,0
9391,0,1.5202692,1,0.07085969
9392,1,2.131936,1,0.023216348
9393,1,1.9082572,1,0.8816578
9394,1,2.1705043,1,0
9395,1,1.9831529,1,0.76706
9396,1,1.8396103,1,3.419515
9397,1,2.1553438,1,0.08850251
9398,0,1.9534063,1,0.14638664
9399,1,2.2661386,1,0.001727286
9400,1,1.7583631,1,0.5485403
9401,1,1.6536924,1,1.5857172
9402,0,2.3642187,1,0
9403,1,2.0692704,1,0.4824233
9404,1,2.2971942,1,0.052490022
9405,0,2.0220144,1,0
9406,1,2.1519156,1,0.1856655
9407,0,2.0206032,1,0
9408,1,1.9210192,1,1.6303196
9409,0,1.783005,1,0.11629983
9410,0,1.5847627,1,0.023512743
9411,1,2.434315,1,0
9412,0,1.7696708,1,0.25473696
9413,0,1.8025042,1,0.043762136
9414,1,2.1453333,1,1.5968658
9415,0,2.2367606,1,0
9416,1,2.4059477,1,0.029114615
9417,0,2.239732,1,0
9418,1,2.1803951,1,0.59815574
9419,0,2.377868,1,0
9420,1,2.4161303,1,1.8216606
9421,1,1.8919126,1,1.2475653
9422,0,2.2467444,1,0.030518673
9423,1,2.0260446,1,0.15792978
9424,0,1.620336,1,0.23652852
9425,1,2.5555823,1,0.106248096
9426,1,2.6011844,1,0.21188897
9427,1,1.6271156,1,2.1864283
9428,0,1.825549,1,0.075569235
9429,1,1.7625413,1,1.4018891
9430,0,2.2399495,1,0
9431,0,1.9669665,1,0.002593729
9432,1,1.9739884,1,0.35067695
9433,0,2.1041336,1,0
9434,1,1.8587272,1,0.06631328
9435,0,1.8511138,1,0
9436,1,2.2999084,1,0.4014535
9437,0,2.2278793,1,0
9438,1,1.9891032,1,0.3039932
9439,1,2.0945337,1,0.10768415
9440,1,2.3305085,1,1.4370886
9441,1,2.2078369,1,0.11236442
9442,1,1.8291935,1,1.852628
9443,0,2.284235,1,0
9444,1,2.0448282,1,1.3655056
9445,1,2.1300275,1,0.27565628
9446,0,2.3308978,1,0
9447,1,1.7511157,1,2.4820585
9448,1,2.1488762,1,0.45390674
9449,1,2.2568293,1,0.002151753
9450,1,1.7266581,1,2.3262315
9451,1,2.1367931,1,0.015404183
9452,0,1.9817744,1,0.015435266
9453,1,2.311668,1,0.44364217
9454,1,2.28048,1,0.000736433
9455,1,2.3188782,1,0.098200805
9456,1,2.1932662,1,0.08413535
9457,1,2.1373029,1,2.2814574
9458,0,1.9855528,1,0.3816042
9459,0,1.7799652,1,0.039015263
9460,1,1.8127999,1,2.2380366
9461,0,1.9789877,1,1.2360213
9462,1,2.3447785,1,0.04515636
9463,0,1.7986624,1,0.23577859
9464,1,2.1027312,1,0.4109625
9465,1,2.1559436,1,0.12863849
9466,1,2.371468,1,0.12091594
9467,1,1.9247708,1,1.5731238
9468,0,2.0750256,1,0.069141805
9469,0,1.7191719,1,0.6800486
9470,1,2.4974525,1,0
9471,1,2.4381542,1,0.025851466
9472,0,2.015148,1,0
9473,0,1.5598422,1,0.2513461
9474,0,1.6826653,1,0.042446304
9475,0,1.9090863,1,0.03532708
9476,0,2.1519837,1,0.07645245
9477,1,2.0384583,1,0.009053081
9478,0,2.11861,1,0
9479,0,2.2661753,1,0
9480,0,2.2650518,1,0.003524718
9481,0,2.4138644,1,0
9482,1,2.4605186,1,0.030874714
9483,1,2.1971264,1,0.048934683
9484,0,1.8766676,1,0.80158746
9485,1,2.0814698,1,0.1620062
9486,1,1.9360609,1,0.21348892
9487,0,2.121276,1,0
9488,1,2.2405818,1,0
9489,1,1.950106,1,0.029725246
9490,0,2.1010683,1,1.0874771
9491,1,2.2445428,1,0.120491765
9492,1,2.1758628,1,0.9191374
9493,1,2.3249063,1,0.048851173
9494,0,2.3430746,1,0.04347419
9495,1,1.8408531,1,2.306835
9496,0,2.2433538,1,0
9497,1,2.116065,1,0.2611631
9498,0,1.9534601,1,0
9499,1,1.7450984,1,0.5141507
9500,0,2.2835042,1,0
9501,1,2.4314048,1,0
9502,0,2.399516,1,0.01351999
9503,1,2.3116095,1,0.23411267
9504,1,2.5722024,1,0.15100938
9505,1,1.8576744,1,0
9506,1,1.6847516,1,1.9477173
9507,1,2.127041,1,0.03403871
9508,0,1.6007359,1,0
9509,1,2.246902,1,0.23120394
9510,0,2.2711587,1,0
9511,1,2.0578227,1,2.0533593
9512,0,1.9967916,1,0
9513,0,1.4877354,1,0.065363854
9514,1,2.3389406,1,0.21033356
9515,1,1.9889266,1,0.3353274
9516,0,1.7594887,1,0.1795128
9517,1,2.1897693,1,0.078948446
9518,1,1.9878075,1,0.6749403
9519,0,1.6956035,1,0.077882506
9520,1,2.325799,1,1.1202457
9521,1,1.8779907,1,0.20484823
9522,0,2.079444,1,0.037340872
9523,1,2.4172592,1,0
9524,1,2.293972,1,0.55597043
9525,1,2.461048,1,0
9526,1,2.0828197,1,0.88703203
9527,1,2.550066,1,0.26100484
9528,1,1.8051846,1,0.31559056
9529,1,2.223233,1,0.86271346
9530,1,1.8057057,1,0.90016645
9531,1,1.9425256,1,0
9532,1,2.1614752,1,0.52581227
9533,0,1.9784203,1,0.07397693
9534,0,2.1310372,1,0
9535,1,2.3060265,1,1.074705
9536,0,1.6888252,1,0.66508025
9537,1,1.6680924,1,1.218766
9538,1,2.2572114,1,0.04711786
9539,1,2.1072671,1,0.26895577
9540,1,1.9314018,1,2.5491827
9541,0,1.7223469,1,0.041442253
9542,1,2.581384,1,0.002981375
9543,0,2.1816683,1,0
9544,0,2.2357419,1,0
9545,1,2.243827,1,0.13164897
9546,0,1.8467602,1,0.04421082
9547,0,1.9209377,1,0.1401227
9548,1,1.7424437,1,0.79853576
9549,0,2.3010347,1,0
9550,0,1.997011,1,0
9551,1,2.4203262,1,0.18964364
9552,1,2.4194922,1,0.8988411
9553,1,2.2054486,1,1.4072406
9554,1,2.1999512,1,0.09129779
9555,0,2.0407047,1,0
9556,1,2.2843559,1,0.09772868
9557,1,1.9775865,1,1.9519404
9558,1,2.364598,1,0.19357139
9559,1,2.0080001,1,0.03184003
9560,0,2.1253655,1,0
9561,0,2.0826821,1,0.074683584
9562,0,1.8064154,1,0.010429299
9563,0,2.2960982,1,0.05565603
9564,0,2.0977144,1,0.013099805
9565,1,2.3162804,1,0
9566,1,2.0802577,1,1.5704908
9567,1,2.4135988,1,0.44759384
9568,0,1.81765,1,0.11122843
9569,1,1.7935952,1,0.017917957
9570,0,1.9354079,1,0.039828844
9571,0,2.079287,1,0
9572,0,1.9840001,1,0.1386925
9573,1,1.9193003,1,0.011844495
9574,1,2.308688,1,0.06994159
9575,1,1.9804837,1,0.030696608
9576,0,1.5670967,1,0
9577,1,2.3209865,1,1.390837
9578,1,2.288608,1,0
9579,1,2.3735597,1,0.20093426
9580,0,2.0254352,1,0.13709842
9581,0,2.0974987,1,0.38477856
9582,0,2.0940118,1,0.14403182
9583,1,1.9876543,1,0.002258703
9584,1,1.9860027,1,0.3660731
9585,1,2.4244087,1,0.057543296
9586,0,2.0915854,1,0.09196106
9587,0,2.1762154,1,0.0808796
9588,1,2.2784383,1,0.16620351
9589,0,1.8946936,1,0.02948698
9590,1,2.2283144,1,0.09001024
9591,1,2.4112096,1,0.078268975
9592,1,2.236282,1,0.021435842
9593,0,1.9351584,1,0
9594,1,1.9103472,1,0.7861458
9595,1,2.524714,1,0
9596,0,2.3612604,1,0
9597,1,2.3569021,1,0.29613644
9598,1,2.237778,1,0.33451062
9599,1,1.8543434,1,0.541452
9600,1,2.0920978,1,0.038463615
9601,0,1.8345314,1,0.067741334
9602,1,2.0651734,1,2.3497152
9603,1,2.1829305,1,0.075350985
9604,1,2.4409115,1,0
9605,1,2.4588706,1,0
9606,1,2.260002,1,0.009058998
9607,0,2.2205915,1,0
9608,1,2.025615,1,0.13027297
9609,1,1.8706027,1,1.1934301
9610,1,2.3928616,1,0.076128855
9611,0,2.1196566,1,0.33278474
9612,1,2.3253624,1,0.27892712
9613,0,1.714868,1,0.12792233
9614,0,2.0883374,1,0
9615,1,2.1291492,1,0.035654612
9616,0,1.9858934,1,0.098173335
9617,0,2.2833092,1,0.03137644
9618,1,1.850148,1,1.3479095
9619,1,1.9450896,1,3.4557686
9620,1,1.8356291,1,1.0507101
9621,1,2.328305,1,0.09242518
9622,1,2.2609367,1,0.13747692
9623,0,1.5795085,1,0.4482419
9624,1,2.330378,1,0.09052816
9625,1,2.2529678,1,0.058301304
9626,0,2.0964913,1,0.34239158
9627,0,1.9883081,1,0
9628,0,1.9775081,1,0.06497548
9629,0,2.0033522,1,0.20358989
9630,1,2.3321185,1,0
9631,0,2.1718802,1,0.10425714
9632,1,2.3594813,1,0
9633,0,2.0586944,1,0.34185994
9634,1,2.3933246,1,0.04936137
9635,1,1.8807507,1,0
9636,1,1.9573461,1,0
9637,0,2.108917,1,0
9638,1,1.6948806,1,0.8125252
9639,1,2.0208743,1,2.2078428
9640,0,2.154715,1,0.17658313
9641,1,2.2568665,1,1.1726164
9642,1,2.0606947,1,1.8107047
9643,0,1.8103553,1,0.056334678
9644,1,1.827285,1,1.7447779
9645,1,2.0160096,1,0.7845548
9646,0,2.0489395,1,0
9647,0,1.8577523,1,0.19370632
9648,1,2.301671,1,0
9649,1,2.153231,1,0.14661856
9650,1,1.93747,1,0.086899236
9651,1,1.9499979,1,0.0709
9652,1,1.7907516,1,0.010708022
9653,1,1.8552943,1,0.78121096
9654,0,2.1418092,1,0.09960209
9655,1,1.4251564,1,0.066709
9656,0,2.1798525,1,0.1255847
9657,1,2.1679282,1,0
9658,0,2.3053296,1,0.08691185
9659,0,1.9061701,1,0
9660,1,2.2438958,1,0.08672619
9661,1,2.0512464,1,0.030505653
9662,1,2.3181703,1,0.31394506
9663,0,1.9935462,1,0.027269803
9664,1,2.0279994,1,2.5661657
9665,1,2.2940462,1,0
9666,1,2.3622,1,0
9667,0,2.1642613,1,0
9668,0,2.1799912,1,2.3774984
9669,0,1.7971091,1,0.009819618
9670,0,2.2816133,1,0
9671,1,1.9741539,1,0.7312248
9672,1,2.1460257,1,0
9673,1,2.0709653,1,0.11266344
9674,0,1.7662992,1,0.082320794
9675,1,2.1061695,1,0.041688118
9676,1,2.2721298,1,0.050338544
9677,1,2.1617498,1,1.3883545
9678,0,2.3145878,1,0
9679,1,2.2271624,1,0.08225131
9680,0,1.7336032,1,0.09487566
9681,1,1.6245179,1,2.2074122
9682,1,2.5118954,1,0
9683,1,1.8644594,1,0
9684,0,1.786143,1,0.020349156
9685,0,2.1707592,1,0.017321873
9686,0,1.8075429,1,0.22868308
9687,1,2.316938,1,0.024375822
9688,1,2.0441837,1,1.799205
9689,1,2.038948,1,0.5840884
9690,1,2.067356,1,0.10663236
9691,0,1.9439641,1,0.05969383
9692,1,2.1782813,1,1.7483267
9693,0,2.097069,1,0.016877538
9694,1,2.1860583,1,1.6944367
9695,0,2.1851778,1,0
9696,1,1.773229,1,0.6532281
9697,0,2.1308272,1,0.10428631
9698,1,2.1610131,1,0.33007702
9699,0,1.9355962,1,0.008840837
9700,1,1.9468273,1,0.65228385
9701,1,2.259998,1,0.29892007
9702,0,1.7722994,1,0.13326849
9703,1,2.0744686,1,0.37168673
9704,1,2.0804112,1,0.023858357
9705,1,2.2955644,1,0.003843105
9706,0,2.1271615,1,0
9707,0,2.0000062,1,0.05240921
9708,0,1.8987657,1,0.046139836
9709,0,2.2056932,1,0.05221188
9710,0,2.1885471,1,0
9711,1,2.2308033,1,0.6003316
9712,0,2.378149,1,0
9713,1,2.216905,1,0.3232207
9714,0,1.7599461,1,0
9715,1,2.1088815,1,0.20330347
9716,0,2.1229327,1,0.025577962
9717,0,2.0077922,1,0.052869212
9718,1,1.9709193,1,2.1700265
9719,0,2.410374,1,0.014381516
9720,1,1.8401824,1,2.2772527
9721,1,2.5956838,1,0.08750785
9722,0,1.7274532,1,0.04505638
9723,1,2.3088405,1,0.60605806
9724,1,2.4620464,1,0.019668788
9725,1,2.3695772,1,0
9726,1,2.1157708,1,1.3779359
9727,1,2.1539104,1,0
9728,0,1.8609569,1,0.071282595
9729,1,2.1522224,1,2.813487
9730,0,2.364711,1,0
9731,0,2.0872023,1,0.012770799
9732,1,2.2594743,1,0
9733,1,1.9329445,1,0
9734,1,1.7201126,1,0
9735,1,2.0371897,1,0.08320218
9736,1,2.235598,1,1.846187
9737,0,1.8388239,1,0
9738,0,2.4615138,1,0
9739,0,1.9095991,1,0
9740,1,2.0761375,1,0.048994556
9741,0,1.9276274,1,0.02276481
9742,0,2.0613735,1,0.043272886
9743,1,2.1978307,1,0
9744,0,2.1659057,1,0.1272101
9745,0,1.8739007,1,0.2915007
9746,0,2.0708942,1,0
9747,1,2.421495,1,1.0947369
9748,0,2.1682656,1,0
9749,1,2.003784,1,1.988148
9750,1,1.9870461,1,0.16438493
9751,0,1.9007107,1,0.42201343
9752,1,1.6887541,1,1.3063906
9753,1,1.8418194,1,1.1769192
9754,0,2.2932522,1,0.031959426
9755,1,2.1960075,1,0.06750279
9756,1,1.8872869,1,1.2033125
9757,0,2.2028663,1,0
9758,1,1.9490767,1,1.42562
9759,1,2.4560676,1,0.041034687
9760,0,2.2329795,1,0
9761,1,2.1323175,1,1.4056687
9762,0,1.7213008,1,0.094792254
9763,0,2.2415059,1,0
9764,1,2.2056746,1,0.12196601
9765,0,2.006704,1,0.3301994
9766,1,2.1399958,1,2.8023562
9767,0,2.0830646,1,0.30504626
9768,0,2.188123,1,0
9769,0,1.6454558,1,0.17819813
9770,1,2.3170526,1,0.03615807
9771,1,2.486923,1,0.042269364
9772,1,2.116935,1,0.05017537
9773,1,2.4874394,1,1.5313694
9774,0,2.1603298,1,0.050727345
9775,0,2.2443125,1,0
9776,1,2.1848445,1,2.521343
9777,0,1.6777376,1,0.34172297
9778,1,2.0582952,1,0
9779,1,2.0476198,1,0.087367825
9780,0,1.8894447,1,0
9781,0,2.035342,1,0
9782,1,2.3006685,1,0.035783347
9783,1,2.4200628,1,0.002249252
9784,0,2.0268652,1,0.20875373
9785,0,1.8253125,1,0.06972977
9786,1,2.4408402,1,0.041463308
9787,0,2.187652,1,0.05475152
9788,1,2.2571244,1,0.27807465
9789,1,2.168286,1,0.47098228
9790,1,2.405745,1,0.06930122
9791,1,2.2034886,1,0.13282043
9792,0,1.9871866,1,0
9793,0,1.8534094,1,1.6110786
9794,1,1.9721103,1,0.11515869
9795,1,2.4699001,1,0.12881568
9796,1,2.5505738,1,0.111861385
9797,0,1.7202444,1,0.12497894
9798,0,2.226227,1,0
9799,1,2.6161454,1,0.14584251
9800,1,2.2263775,1,0.020969722
9801,1,1.8884559,1,1.9909104
9802,1,2.4046364,1,0.08967197
9803,1,2.2495666,1,0.22862612
9804,1,2.3042881,1,0.12081907
9805,0,1.9885606,1,0
9806,1,2.2574506,1,0.030880764
9807,1,2.2321358,1,0.017676339
9808,0,2.215698,1,0
9809,1,2.2640676,1,0
9810,1,2.072576,1,0.07818267
9811,1,2.1086044,1,0.07198364
9812,1,2.3319046,1,0.031170208
9813,1,2.447742,1,0.8759033
9814,0,2.0318542,1,0
9815,1,2.4796643,1,0.110067256
9816,0,2.4427536,1,0
9817,0,2.1535532,1,0.067705736
9818,0,2.2683702,1,0
9819,0,1.4737413,1,0.19767044
9820,0,2.1146166,1,0
9821,1,2.374127,1,0.33313897
9822,0,1.9100934,1,0
9823,0,2.1927807,1,0.002813143
9824,0,2.3127153,1,0
9825,1,2.2534618,1,0.0751032
9826,1,2.2637312,1,0.052461818
9827,1,1.8932495,1,0.07643251
9828,1,1.7495033,1,1.2404213
9829,1,2.4656477,1,0.02755808
9830,1,2.1979237,1,0.17691998
9831,1,1.703346,1,1.018509
9832,1,2.2188416,1,0.15525301
9833,1,1.7905431,1,0.6592567
9834,0,2.2955832,1,0
9835,1,2.402343,1,0.49653226
9836,1,2.2946756,1,0
9837,1,2.2737515,1,0.68416435
9838,1,2.312682,1,0
9839,0,1.5426271,1,0.12452997
9840,1,1.7624792,1,2.4167058
9841,0,2.088101,1,0.020471185
9842,0,2.1274464,1,0.62875235
9843,0,2.1146274,1,0.4287654
9844,1,2.1050835,1,1.6896505
9845,1,2.0308235,1,0.009562044
9846,0,2.3636,1,0.029033605
9847,1,2.092371,1,0.063709185
9848,1,2.3312554,1,0.060135007
9849,1,2.043498,1,1.5908433
9850,1,2.5908175,1,0.09515595
9851,1,2.0166829,1,0.06300688
9852,0,2.116458,1,0.043940015
9853,0,1.9968389,1,0.1171013
9854,1,2.1347373,1,0.059635896
9855,0,1.8662579,1,0.14753965
9856,0,2.176153,1,0.004334145
9857,1,2.399196,1,1.7660995
9858,0,2.0949543,1,0.09500124
9859,1,1.9765089,1,0.80456823
9860,1,2.4196281,1,0
9861,1,2.0150445,1,1.5116538
9862,1,2.2703004,1,0.043170955
9863,1,1.9804018,1,0.033301335
9864,1,2.1832223,1,0.020994611
9865,1,2.030946,1,0
9866,1,2.2384038,1,0.049060132
9867,1,2.033826,1,0.69633406
9868,1,2.1629035,1,0.20428127
9869,0,2.3995914,1,0
9870,1,2.4701946,1,0.43059006
9871,1,2.0396688,1,1.537089
9872,1,2.159216,1,0.39839858
9873,1,1.8206947,1,0.005090918
9874,1,1.5688277,1,2.3971164
9875,0,2.109174,1,0
9876,1,2.075629,1,0.1061208
9877,1,2.0700042,1,0.039510824
9878,0,2.1095235,1,0
9879,1,2.2544305,1,0.011127207
9880,0,2.2074358,1,0
9881,1,2.1885908,1,0.06266522
9882,1,2.1777344,1,0.97789764
9883,1,2.148863,1,0.044325918
9884,0,1.9643978,1,0.020644195
9885,0,1.8440248,1,0
9886,1,2.527254,1,0.90783656
9887,1,1.9721308,1,0.20195845
9888,1,2.1507554,1,0.919129
9889,0,1.9913176,1,0.05082922
9890,1,2.4542775,1,0.058882505
9891,1,2.0443795,1,0.043548428
9892,0,1.7269344,1,0.7444377
9893,0,1.9220859,1,0
9894,1,2.2254827,1,0.17429802
9895,0,2.118489,1,0.5750475
9896,1,1.8851284,1,0.39041692
9897,1,2.3297462,1,2.5343916
9898,0,1.888107,1,0.2785336
9899,1,2.0106392,1,2.9007623
9900,1,1.9632404,1,0.7256247
9901,0,2.0907688,1,0.13468969
9902,0,2.0174816,1,0.07205129
9903,1,1.7025877,1,0.3628063
9904,1,1.7789786,1,0.015768103
9905,1,2.2553043,1,1.4995813
9906,0,2.0417442,1,1.0423677
9907,1,2.4452114,1,0.052919835
9908,0,2.097105,1,0.002271992
9909,1,2.4158738,1,0
9910,1,2.5723817,1,0.22652
9911,1,2.1237223,1,0.098520175
9912,1,1.8270913,1,1.9073737
9913,1,2.0412962,1,0.13895926
9914,1,2.211582,1,0.03758593
9915,1,1.9997121,1,1.9559603
9916,1,2.0797164,1,0.080424085
9917,1,2.139578,1,0.3206051
9918,0,1.961298,1,0.018054746
9919,0,2.0470464,1,0.084100865
9920,1,2.0862305,1,0.025426965
9921,1,1.9505293,1,1.9804496
9922,1,2.063632,1,0.08881507
9923,0,2.168832,1,0.048811506
9924,0,1.6259536,1,0.33040878
9925,0,1.6755245,1,0.07625015
9926,1,2.118618,1,1.8649257
9927,1,2.428071,1,0.09698946
9928,1,2.1047094,1,0.026569419
9929,1,2.1480186,1,1.5648447
9930,0,2.1730185,1,0.03902702
9931,1,2.4753926,1,0.005596898
9932,1,1.938838,1,0.6206245
9933,0,2.3147595,1,0
9934,0,2.1638532,1,0
9935,1,2.1015375,1,2.493864
9936,1,1.6889371,1,0.38584393
9937,0,2.1162372,1,0
9938,0,1.9617982,1,0.005533327
9939,1,2.3181593,1,0.07655791
9940,1,1.7133363,1,3.2377672
9941,1,2.358802,1,0.7311172
9942,1,2.3723316,1,1.0452385
9943,1,2.5114741,1,0.087799765
9944,1,1.5891609,1,0.07764889
9945,0,2.3047335,1,0
9946,1,2.4711514,1,0.43021914
9947,1,2.0895967,1,0.06258212
9948,1,2.1426296,1,0.23835948
9949,0,2.0746114,1,0.008650202
9950,1,2.0797544,1,1.5495777
9951,1,2.2741745,1,0.07557383
9952,0,2.0728219,1,0.025024064
9953,0,1.9730692,1,0.12800041
9954,1,2.3203332,1,0.017058069
9955,1,1.964244,1,3.4406846
9956,0,2.1501498,1,0
9957,0,1.9225646,1,0
9958,1,2.121684,1,1.1130849
9959,1,2.1155632,1,0.009990606
9960,1,2.1916683,1,0.19853634
9961,1,2.050965,1,0.25337872
9962,0,1.800549,1,0.21129566
9963,0,2.1166358,1,0.003761078
9964,0,2.3348095,1,0
9965,1,2.1173837,1,0
9966,0,1.931914,1,0.050851274
9967,0,2.0228274,1,0.5725863
9968,0,1.827032,1,0.071279556
9969,1,2.4203982,1,0.024984766
9970,0,2.1706872,1,0
9971,1,2.0690875,1,0
9972,1,2.0999258,1,1.7790688
9973,0,1.7014341,1,0.22785932
9974,1,2.015586,1,0.16408837
9975,1,2.198166,1,0.07701599
9976,0,1.9668177,1,0.024224028
9977,0,2.2048147,1,0
9978,0,1.7892509,1,0.027718201
9979,0,2.2406914,1,0
9980,1,2.471407,1,1.1821667
9981,0,2.4819565,1,0
9982,1,2.1256232,1,0.14090627
9983,1,1.6999083,1,1.4943614
9984,1,1.7677052,1,0.6579307
9985,1,2.2106495,1,0.20042539
9986,0,2.106607,1,0.09317107
9987,1,1.8010931,1,0.09405407
9988,0,2.0475078,1,0.12210086
9989,0,1.8201748,1,0.068681926
9990,1,2.1230574,1,0
9991,0,1.8679352,1,0
9992,1,1.9412905,1,0.5518246
9993,1,2.1546988,1,0.09335427
9994,1,2.3094563,1,0
9995,1,2.1558716,1,0.21275862
9996,1,1.5672456,1,2.2123694
9997,1,2.3220718,1,0.017707344
9998,1,1.6887028,1,1.436429
9999,0,2.2845242,1,0
10000,1,2.2787738,1,0.09237574